{
  "acc_a": 0.5709059427095837,
  "acc_b": 0.617803037081337,
  "acc_mean": 0.6115541596992318,
  "acc_s": 0.6848067917519115,
  "acc_t": 0.5727008672540949,
  "bar_acc": 0.0,
  "duration_acc": 0.6904384359963341,
  "pitch_count_a": 5132.0,
  "pitch_count_b": 4911.0,
  "pitch_count_s": 3830.0,
  "pitch_count_t": 4702.0,
  "range_a": 0.98286112444804,
  "range_b": 1.0,
  "range_s": 0.9785996669830294,
  "range_t": 1.0,
  "voice_crossing_rate": 0.06413381523544177
}
