{
  "acc_a": 0.20499425537006644,
  "acc_b": 0.1992078829211989,
  "acc_mean": 0.2327470924402198,
  "acc_s": 0.28035707550971967,
  "acc_t": 0.24642915595989423,
  "bar_acc": 0.0,
  "duration_acc": 0.28090829710155873,
  "pitch_count_a": 1996.0,
  "pitch_count_b": 1737.0,
  "pitch_count_s": 1892.0,
  "pitch_count_t": 1842.0,
  "range_a": 1.0,
  "range_b": 1.0,
  "range_s": 1.0,
  "range_t": 1.0,
  "voice_crossing_rate": 0.056725807591715555
}
