{
  "acc_a": 0.41538321671444334,
  "acc_b": 0.3925184442693022,
  "acc_mean": 0.4497988572354308,
  "acc_s": 0.513296802231315,
  "acc_t": 0.4779969657266626,
  "bar_acc": 0.0005707762557077625,
  "duration_acc": 0.5797556602330606,
  "pitch_count_a": 6757.0,
  "pitch_count_b": 5169.0,
  "pitch_count_s": 5986.0,
  "pitch_count_t": 6681.0,
  "range_a": 1.0,
  "range_b": 1.0,
  "range_s": 1.0,
  "range_t": 1.0,
  "voice_crossing_rate": 0.05497638415583386
}
