{
  "acc_a": 0.4867773858252698,
  "acc_b": 0.4454634978174423,
  "acc_mean": 0.5269136261592426,
  "acc_s": 0.6192569989392359,
  "acc_t": 0.5561566220550226,
  "bar_acc": 0.00076103500761035,
  "duration_acc": 0.6718084980196593,
  "pitch_count_a": 4770.0,
  "pitch_count_b": 2940.0,
  "pitch_count_s": 4112.0,
  "pitch_count_t": 4845.0,
  "range_a": 1.0,
  "range_b": 1.0,
  "range_s": 1.0,
  "range_t": 1.0,
  "voice_crossing_rate": 0.02632320174240321
}
